question,answer
"What is your product?","Our product is a cutting-edge solution for task automation."
"How much does it cost?","The pricing varies depending on the plan. Our basic plan starts at $10 per month."
"Can it be integrated with other software?","Yes, our product is designed to be easily integrated with a wide range of software solutions."
"What are the system requirements?","Our product is compatible with Windows, macOS, and Linux operating systems."
"Is customer support available?","Yes, we offer 24/7 customer support via email, phone, and live chat."
"How do I get started?","You can get started by signing up on our website and following the onboarding instructions."
"Is there a free trial available?","Yes, we offer a 30-day free trial for all new users."
"Can I cancel my subscription at any time?","Yes, you can cancel your subscription at any time without any penalties."
"What payment methods do you accept?","We accept credit cards, PayPal, and bank transfers."
"Do you offer discounts for non-profit organizations?","Yes, we offer special pricing for non-profit organizations. Please contact our sales team for more information."
question,answer
"What is the capital of France?","Paris"
"Who wrote '1984'?","George Orwell"
"What is the largest planet in our solar system?","Jupiter"
"What is the smallest planet in our solar system?","Mercury"
"What is the currency of Japan?","Yen"
"Who painted the Mona Lisa?","Leonardo da Vinci"
"What is the tallest mountain in the world?","Mount Everest"
"What is the longest river in the world?","The Nile"
"What is the largest ocean in the world?","The Pacific Ocean"
"What is the smallest country in the world by land area?","Vatican City"
"What is the largest country in the world by land area?","Russia"
"What is the official language of Brazil?","Portuguese"
"Who discovered penicillin?","Alexander Fleming"
"What is the chemical formula for water?","H2O"
"What is the largest mammal in the world?","Blue Whale"
"What is the fastest land animal?","Cheetah"
"What is the largest bird in the world?","Ostrich"
"What is the smallest bird in the world?","Bee Hummingbird"
"What is the largest desert in the world?","Antarctica"
"What is the highest waterfall in the world?","Angel Falls"
"What is the largest coral reef system in the world?","The Great Barrier Reef"
"What is the largest city in the world by population?","Tokyo"
"What is the oldest known civilization?","Sumerian Civilization"
"What is the largest religion in the world by number of followers?","Christianity"
"What is the largest planet in our solar system?","Jupiter"
"What is the smallest planet in our solar system?","Mercury"
"What is the closest planet to the Sun?","Mercury"
"What is the farthest planet from the Sun?","Neptune"
"What is the largest moon in the solar system?","Ganymede"
"What is the largest volcano in the world?","Mauna Loa"
"What is the largest lake in the world by surface area?","Caspian Sea"
"What is the largest island in the world?","Greenland"
"What is the largest continent in the world?","Asia"
"What is the smallest continent in the world?","Australia"
"What is the largest country in South America?","Brazil"
"What is the largest country in Africa?","Algeria"
"What is the largest country in Europe?","Russia"
"What is the largest country in North America?","Canada"
"What is the largest country in Asia?","Russia"
"What is the largest city in the United States?","New York City"
"What is the largest city in Canada?","Toronto"
"What is the largest city in Australia?","Sydney"
"What is the largest city in Europe?","Moscow"
"What is the largest city in Africa?","Cairo"
"What is the largest city in South America?","São Paulo"
"What is the largest city in Asia?","Tokyo"
"What is the largest city in the world by population?","Tokyo"
"What is the oldest university in the world?","University of Bologna"
"What is the largest museum in the world?","The Louvre"
"What is the largest library in the world?","Library of Congress"
"What is the largest airport in the world by passenger traffic?","Hartsfield-Jackson Atlanta International Airport"
"What is the largest stadium in the world by capacity?","Rungrado 1st of May Stadium"
"What is the largest shopping mall in the world by gross leasable area?","South China Mall"
"What is the largest film industry in the world by number of films produced?","Bollywood"
"What is the largest sport in the world by number of fans?","Soccer"
"What is the largest animal in the world?","Blue Whale"
"What is the smallest animal in the world?","Kitti's Hog-nosed Bat"
"What is the largest bird in the world?","Ostrich"
"What is the smallest bird in the world?","Bee Hummingbird"
"What is the largest fish in the world?","Whale Shark"
"What is the smallest fish in the world?","Paedocypris progenetica"
"What is the largest insect in the world?","Giant Weta"
"What is the smallest insect in the world?","Fairyfly"
"What is the largest tree in the world by volume?","General Sherman Tree"
"What is the largest flower in the world?","Rafflesia arnoldii"
"What is the largest desert in the world?","Antarctica"
"What is the highest mountain in the world?","Mount Everest"
"What is the deepest ocean in the world?","Pacific Ocean"
"What is the longest river in the world?","The Nile"
"What is the largest lake in the world by volume?","Caspian Sea"
"What is the largest island in the world?","Greenland"
"What is the largest continent in the world?","Asia"
"What is the smallest continent in the world?","Australia"
"What is the largest country in the world by land area?","Russia"
"What is the smallest country in the world by land area?","Vatican City"
"What is the largest city in the world by population?","Tokyo"
"What is the oldest known civilization?","Sumerian Civilization"
"What is the largest religion in the world by number of followers?","Christianity"
"What is the largest planet in our solar system?","Jupiter"
"What is the smallest planet in our solar system?","Mercury"
"What is the closest planet to the Sun?","Mercury"
"What is the farthest planet from the Sun?","Neptune"
"What is the largest moon in the solar system?","Ganymede"
"What is the largest volcano in the world?","Mauna Loa"
"What is the largest lake in the world by surface area?","Caspian Sea"
"What is the largest island in the world?","Greenland"
"What is the largest continent in the world?","Asia"
"What is the smallest continent in the world?","Australia"
"What is the largest country in South America?","Brazil"
"What is the largest country in Africa?","Algeria"
"What is the largest country in Europe?","Russia"
"What is the largest country in North America?","Canada"
"What is the largest country in Asia?","Russia"
"What is the largest city in the United States?","New York City"
"What is the largest city in Canada?","Toronto"
"What is the largest city in Australia?","Sydney"
"What is the largest city in Europe?","Moscow"
"What is the largest city in Africa?","Cairo"
"What is the largest city in South America?","São Paulo"
"What is the largest city in Asia?","Tokyo"
"What is the largest city in the world by population?","Tokyo"
"What is the oldest university in the world?","University of Bologna"
"What is the largest museum in the world?","The Louvre"
"What is the largest library in the world?","Library of Congress"
"What is the largest airport in the world by passenger traffic?","Hartsfield-Jackson Atlanta International Airport"
"What is the largest stadium in the world by capacity?","Rungrado 1st of May Stadium"
"What is the largest shopping mall in the world by gross leasable area?","South China Mall"
"What is the largest film industry in the world by number of films produced?","Bollywood"
"What is the largest sport in the world by number of fans?","Soccer"
"What is the largest animal in the world?","Blue Whale"
"What is the smallest animal in the world?","Kitti's Hog-nosed Bat"
"What is the largest bird in the world?","Ostrich"
"What is the smallest bird in the world?","Bee Hummingbird"
"What is the largest fish in the world?","Whale Shark"
"What is the smallest fish in the world?","Paedocypris progenetica"
"What is the largest insect in the world?","Giant Weta"
"What is the smallest insect in the world?","Fairyfly"
"What is the largest tree in the world by volume?","General Sherman Tree"
"What is the largest flower in the world?","Rafflesia arnoldii"
"What is the largest desert in the world?","Antarctica"
"What is the highest mountain in the world?","Mount Everest"
"What is the deepest ocean in the world?","Pacific Ocean"
"What is the longest river in the world?","The Nile"
"What is the largest lake in the world by volume?","Caspian Sea"
"What is the largest island in the world?","Greenland"
"What is the largest continent in the world?","Asia"
"What is the smallest continent in the world?","Australia"
"What is the largest country in the world by land area?","Russia"
"What is the smallest country in the world by land area?","Vatican City"
"What is the largest city in the world by population?","Tokyo"
"What is the oldest known civilization?","Sumerian Civilization"
"What is the largest religion in the world by number of followers?","Christianity"
"What is the largest planet in our solar system?","Jupiter"
"What is the smallest planet in our solar system?","Mercury"
"What is the closest planet to the Sun?","Mercury"
"What is the farthest planet from the Sun?","Neptune"
"What is the largest moon in the solar system?","Ganymede"
"What is the largest volcano in the world?","Mauna Loa"
"What is the largest lake in the world by surface area?","Caspian Sea"
"What is the largest island in the world?","Greenland"
"What is the largest continent in the world?","Asia"
"What is the smallest continent in the world?","Australia"
"What is the largest country in South America?","Brazil"
"What is the largest country in Africa?","Algeria"
"What is the largest country in Europe?","Russia"
"What is the largest country in North America?","Canada"
"What is the largest country in Asia?","Russia"
"What is the largest city in the United States?","New York City"
"What is the largest city in Canada?","Toronto"
"What is the largest city in Australia?","Sydney"
"What is the largest city in Europe?","Moscow"
"What is the largest city in Africa?","Cairo"
"What is the largest city in South America?","São Paulo"
"What is the largest city in Asia?","Tokyo"
"What is the largest city in the world by population?","Tokyo"
"What is the oldest university in the world?","University of Bologna"
"What is the largest museum in the world?","The Louvre"
"What is the largest library in the world?","Library of Congress"
"What is the largest airport in the world by passenger traffic?","Hartsfield-Jackson Atlanta International Airport"
"What is the largest stadium in the world by capacity?","Rungrado 1st of May Stadium"
"What is the largest shopping mall in the world by gross leasable area?","South China Mall"
"What is the largest film industry in the world by number of films produced?","Bollywood"
"What is the largest sport in the world by number of fans?","Soccer"
"What is the largest animal in the world?","Blue Whale"
"What is the smallest animal in the world?","Kitti's Hog-nosed Bat"
"What is the largest bird in the world?","Ostrich"
"What is the smallest bird in the world?","Bee Hummingbird"
"What is the largest fish in the world?","Whale Shark"
"What is the smallest fish in the world?","Paedocypris progenetica"
"What is the largest insect in the world?","Giant Weta"
"What is the smallest insect in the world?","Fairyfly"
"What is the largest tree in the world by volume?","General Sherman Tree"
"What is the largest flower in the world?","Rafflesia arnoldii"
"What is the largest desert in the world?","Antarctica"
"What is the highest mountain in the world?","Mount Everest"
"What is the deepest ocean in the world?","Pacific Ocean"
"What is the longest river in the world?","The Nile"
"What is the largest lake in the world by volume?","Caspian Sea"
"What is the largest island in the world?","Greenland"
"What is the largest continent in the world?","Asia"
"What is the smallest continent in the world?","Australia"
"What is the largest country in the world by land area?","Russia"
"What is the smallest country in the world by land area?","Vatican City"
"What is the largest city in the world by population?","Tokyo"
"What is the oldest known civilization?","Sumerian Civilization"
"What is the largest religion in the world by number of followers?","Christianity"
"What is the largest planet in our solar system?","Jupiter"
"What is the smallest planet in our solar system?","Mercury"
"What is the closest planet to the Sun?","Mercury"
"What is the farthest planet from the Sun?","Neptune"
"What is the largest moon in the solar system?","Ganymede"
"What is the largest volcano in the world?","Mauna Loa"
"What is the largest lake in the world by surface area?","Caspian Sea"
"What is the largest island in the world?","Greenland"
"What is the largest continent in the world?","Asia"
"What is the smallest continent in the world?","Australia"
"What is the largest country in South America?","Brazil"
"What is the largest country in Africa?","Algeria"
"What is the largest country in Europe?","Russia"
"What is the largest country in North America?","Canada"
"What is the largest country in Asia?","Russia"
"What is the largest city in the United States?","New York City"
"What is the largest city in Canada?","Toronto"
"What is the largest city in Australia?","Sydney"
"What is the largest city in Europe?","Moscow"
"What is the largest city in Africa?","Cairo"
"What is the largest city in South America?","São Paulo"
"What is the largest city in Asia?","Tokyo"
"What is the largest city in the world by population?","Tokyo"
"What is the oldest university in the world?","University of Bologna"
"What is the largest museum in the world?","The Louvre"
"What is the largest library in the world?","Library of Congress"
"What is the largest airport in the world by passenger traffic?","Hartsfield-Jackson Atlanta International Airport"
"What is the largest stadium in the world by capacity?","Rungrado 1st of May Stadium"
"What is the largest shopping mall in the world by gross leasable area?","South China Mall"
"What is the largest film industry in the world by number of films produced?","Bollywood"
"What is the largest sport in the world by number of fans?","Soccer"
"What is the largest animal in the world?","Blue Whale"
"What is the smallest animal in the world?","Kitti's Hog-nosed Bat"
"What is the largest bird in the world?","Ostrich"
"What is the smallest bird in the world?","Bee Hummingbird"
"What is the largest fish in the world?","Whale Shark"
"What is the smallest fish in the world?","Paedocypris progenetica"
"What is the largest insect in the world?","Giant Weta"
"What is the smallest insect in the world?","Fairyfly"
"What is the largest tree in the world by volume?","General Sherman Tree"
"What is the largest flower in the world?","Rafflesia arnoldii"
"What is the largest desert in the world?","Antarctica"
"What is the highest mountain in the world?","Mount Everest"
"What is the deepest ocean in the world?","Pacific Ocean"
"What is the longest river in the world?","The Nile"
"What is the largest lake in the world by volume?","Caspian Sea"
"What is the largest island in the world?","Greenland"
"What is the largest continent in the world?","Asia"
"What is the smallest continent in the world?","Australia"
"What is the largest country in the world by land area?","Russia"
"What is the smallest country in the world by land area?","Vatican City"
"What is the largest city in the world by population?","Tokyo"
"What is the oldest known civilization?","Sumerian Civilization"
"What is the largest religion in the world by number of followers?","Christianity"
"What is the largest planet in our solar system?","Jupiter"
"What is the smallest planet in our solar system?","Mercury"
"What is the closest planet to the Sun?","Mercury"
"What is the farthest planet from the Sun?","Neptune"
"What is the largest moon in the solar system?","Ganymede"
"What is the largest volcano in the world?","Mauna Loa"
"What is the largest lake in the world by surface area?","Caspian Sea"
"What is the largest island in the world?","Greenland"
"What is the largest continent in the world?","Asia"
"What is the smallest continent in the world?","Australia"
"What is the largest country in South America?","Brazil"
"What is the largest country in Africa?","Algeria"
"What is the largest country in Europe?","Russia"
"What is the largest country in North America?","Canada"
"What is the largest country in Asia?","Russia"
"What is the largest city in the United States?","New York City"
"What is the largest city in Canada?","Toronto"
"What is the largest city in Australia?","Sydney"
"What is the largest city in Europe?","Moscow"
"What is the largest city in Africa?","Cairo"
"What is the largest city in South America?","São Paulo"
"What is the largest city in Asia?","Tokyo"
"What is the largest city in the world by population?","Tokyo"
"What is the oldest university in the world?","University of Bologna"
"What is the largest museum in the world?","The Louvre"
"What is the largest library in the world?","Library of Congress"
"What is the largest airport in the world by passenger traffic?","Hartsfield-Jackson Atlanta International Airport"
"What is the largest stadium in the world by capacity?","Rungrado 1st of May Stadium"
"What is the largest shopping mall in the world by gross leasable area?","South China Mall"
"What is the largest film industry in the world by number of films produced?","Bollywood"
"What is the largest sport in the world by number of fans?","Soccer"
"What is the largest animal in the world?","Blue Whale"
"What is the smallest animal in the world?","Kitti's Hog-nosed Bat"
"What is the largest bird in the world?","Ostrich"
"What is the smallest bird in the world?","Bee Hummingbird"
"What is the largest fish in the world?","Whale Shark"
"What is the smallest fish in the world?","Paedocypris progenetica"
"What is the largest insect in the world?","Giant Weta"
"What is the smallest insect in the world?","Fairyfly"
"What is the largest tree in the world by volume?","General Sherman Tree"
"What is the largest flower in the world?","Rafflesia arnoldii"
"What is the largest desert in the world?","Antarctica"
"What is the highest mountain in the world?","Mount Everest"
"What is the deepest ocean in the world?","Pacific Ocean"
"What is the longest river in the world?","The Nile"
"What is the largest lake in the world by volume?","Caspian Sea"
"What is the largest island in the world?","Greenland"
"What is the largest continent in the world?","Asia"
"What is the smallest continent in the world?","Australia"
"What is the largest country in the world by land area?","Russia"
"What is the smallest country in the world by land area?","Vatican City"
"What is the largest city in the world by population?","Tokyo"
"What is the oldest known civilization?","Sumerian Civilization"
"What is the largest religion in the world by number of followers?","Christianity"
"What is the largest planet in our solar system?","Jupiter"
"What is the smallest planet in our solar system?","Mercury"
"What is the closest planet to the Sun?","Mercury"
"What is the farthest planet from the Sun?","Neptune"
"What is the largest moon in the solar system?","Ganymede"
"What is the largest volcano in the world?","Mauna Loa"
"What is the largest lake in the world by surface area?","Caspian Sea"
"What is the largest island in the world?","Greenland"
"What is the largest continent in the world?","Asia"
"What is the smallest continent in the world?","Australia"
"What is the largest country in South America?","Brazil"
"What is the largest country in Africa?","Algeria"
"What is the largest country in Europe?","Russia"
"What is the largest country in North America?","Canada"
"What is the largest country in Asia?","Russia"
"What is the largest city in the United States?","New York City"
"What is the largest city in Canada?","Toronto"
"What is the largest city in Australia?","Sydney"
"What is the largest city in Europe?","Moscow"
"What is the largest city in Africa?","Cairo"
"What is the largest city in South America?","São Paulo"
"What is the largest city in Asia?","Tokyo"
"What is the largest city in the world by population?","Tokyo"
"What is the oldest university in the world?","University of Bologna"
"What is the largest museum in the world?","The Louvre"
"What is the largest library in the world?","Library of Congress"
"What is the largest airport in the world by passenger traffic?","Hartsfield-Jackson Atlanta International Airport"
"What is the largest stadium in the world by capacity?","Rungrado 1st of May Stadium"
"What is the largest shopping mall in the world by gross leasable area?","South China Mall"
"What is the largest film industry in the world by number of films produced?","Bollywood"
"What is the largest sport in the world by number of fans?","Soccer"
"What is the largest animal in the world?","Blue Whale"
"What is the smallest animal in the world?","Kitti's Hog-nosed Bat"
"What is the largest bird in the world?","Ostrich"
"What is the smallest bird in the world?","Bee Hummingbird"
"What is the largest fish in the world?","Whale Shark"
"What is the smallest fish in the world?","Paedocypris progenetica"
"What is the largest insect in the world?","Giant Weta"
"What is the smallest insect in the world?","Fairyfly"
"What is the largest tree in the world by volume?","General Sherman Tree"
"What is the largest flower in the world?","Rafflesia arnoldii"
"What is the largest desert in the world?","Antarctica"
"What is the highest mountain in the world?","Mount Everest"
"What is the deepest ocean in the world?","Pacific Ocean"
"What is the longest river in the world?","The Nile"
"What is the largest lake in the world by volume?","Caspian Sea"
"What is the largest island in the world?","Greenland"
"What is the largest continent in the world?","Asia"
"What is the smallest continent in the world?","Australia"
"What is the largest country in the world by land area?","Russia"
"What is the smallest country in the world by land area?","Vatican City"
"What is the largest city in the world by population?","Tokyo"
"What is the oldest known civilization?","Sumerian Civilization"
"What is the largest religion in the world by number of followers?","Christianity"
"What is the largest planet in our solar system?","Jupiter"
"What is the smallest planet in our solar system?","Mercury"
"What is the closest planet to the Sun?","Mercury"
"What is the farthest planet from the Sun?","Neptune"
"What is the largest moon in the solar system?","Ganymede"
"What is the largest volcano in the world?","Mauna Loa"
"What is the largest lake in the world by surface area?","Caspian Sea"
"What is the largest island in the world?","Greenland"
"What is the largest continent in the world?","Asia"
"What is the smallest continent in the world?","Australia"
"What is the largest country in South America?","Brazil"
"What is the largest country in Africa?","Algeria"
"What is the largest country in Europe?","Russia"
"What is the largest country in North America?","Canada"
"What is the largest country in Asia?","Russia"
"What is the largest city in the United States?","New York City"
"What is the largest city in Canada?","Toronto"
"What is the largest city in Australia?","Sydney"
"What is the largest city in Europe?","Moscow"
"What is the largest city in Africa?","Cairo"
"What is the largest city in South America?","São Paulo"
"What is the largest city in Asia?","Tokyo"
"What is the largest city in the world by population?","Tokyo"
"What is the oldest university in the world?","University of Bologna"
"What is the largest museum in the world?","The Louvre"
"What is the largest library in the world?","Library of Congress"
"What is the largest airport in the world by passenger traffic?","Hartsfield-Jackson Atlanta International Airport"
"What is the largest stadium in the world by capacity?","Rungrado 1st of May Stadium"
"What is the largest shopping mall in the world by gross leasable area?","South China Mall"
"What is the largest film industry in the world by number of films produced?","Bollywood"
"What is the largest sport in the world by number of fans?","Soccer"
"What is the largest animal in the world?","Blue Whale"
"What is the smallest animal in the world?","Kitti's Hog-nosed Bat"
"What is the largest bird in the world?","Ostrich"
"What is the smallest bird in the world?","Bee Hummingbird"
"What is the largest fish in the world?","Whale Shark"
"What is the smallest fish in the world?","Paedocypris progenetica"
"What is the largest insect in the world?","Giant Weta"
"What is the smallest insect in the world?","Fairyfly"
"What is the largest tree in the world by volume?","General Sherman Tree"
"What is the largest flower in the world?","Rafflesia arnoldii"
"What is the largest desert in the world?","Antarctica"
"What is the highest mountain in the world?","Mount Everest"
"What is the deepest ocean in the world?","Pacific Ocean"
"What is the longest river in the world?","The Nile"
"What is the largest lake in the world by volume?","Caspian Sea"
"What is the largest island in the world?","Greenland"
"What is the largest continent in the world?","Asia"
"What is the smallest continent in the world?","Australia"
"What is the largest country in the world by land area?","Russia"
"What is the smallest country in the world by land area?","Vatican City"
"What is the largest city in the world by population?","Tokyo"
"What is the oldest known civilization?","Sumerian Civilization"
"What is the largest religion in the world by number of followers?","Christianity"
"What is the largest planet in our solar system?","Jupiter"
"What is the smallest planet in our solar system?","Mercury"
"What is the closest planet to the Sun?","Mercury"
"What is the farthest planet from the Sun?","Neptune"
"What is the largest moon in the solar system?","Ganymede"
"What is the largest volcano in the world?","Mauna Loa"
"What is the largest lake in the world by surface area?","Caspian Sea"
"What is the largest island in the world?","Greenland"
"What is the largest continent in the world?","Asia"
"What is the smallest continent in the world?","Australia"
"What is the largest country in South America?","Brazil"
"What is the largest country in Africa?","Algeria"
"What is the largest country in Europe?","Russia"
"What is the largest country in North America?","Canada"
"What is the largest country in Asia?","Russia"
"What is the largest city in the United States?","New York City"
